{
  "mAP@0.5:0.95": 0.00948208080457737,
  "mAP@0.5": 0.05004926987716948,
  "mAP@0.75": 9.683119901232177e-05
}