{
  "mAP@0.5:0.95": 0.01892788117492328,
  "mAP@0.5": 0.10036120506804935,
  "mAP@0.75": 0.00020103533195959188,
  "mAP_small": 0.0,
  "mAP_medium": 0.007825180423425422,
  "mAP_large": 0.02787505071442994,
  "AR@1": 0.04059029613960867,
  "AR@10": 0.05550965097831835,
  "AR@100": 0.05550965097831835
}